model,condition_tag,samples,avg_wer,avg_cer,locality_exact_match_rate,locality_token_recall,avg_latency_seconds
faster_whisper_large,compressed,5,0.8028600000000001,0.69872,0.4,0.0,65.26332
faster_whisper_large,indoor,8,0.8988,0.5798625000000001,0.25,0.0,68.025875
faster_whisper_large,noise,2,0.9,0.35,0.0,0.0,63.0289
faster_whisper_large,outdoor,6,0.7412666666666666,0.2702833333333333,0.3333333333333333,0.16666666666666666,65.97403333333334
faster_whisper_large,phonecall,5,0.8028600000000001,0.69872,0.4,0.0,65.26332
faster_whisper_large,quiet,6,0.9261833333333334,0.6374166666666666,0.16666666666666666,0.0,70.95501666666667
faster_whisper_large,rushed,2,0.7738,0.34309999999999996,1.0,0.0,59.15075
faster_whisper_large,traffic,5,0.6723800000000001,0.251,0.6,0.2,65.43374
faster_whisper_large,whisper,1,0.8,0.4615,0.0,0.0,57.5577
