model,condition_tag,samples,avg_wer,avg_cer,locality_exact_match_rate,locality_token_recall,avg_latency_seconds
deepgram_nova-2,compressed,5,0.86668,0.8111200000000001,0.2,0.2,4.720820000000001
deepgram_nova-2,indoor,8,0.9642875,0.9349999999999999,0.125,0.125,4.864562500000001
deepgram_nova-2,noise,2,0.9,0.7037,0.5,0.5,2.61105
deepgram_nova-2,outdoor,6,0.9666666666666667,0.9012333333333333,0.16666666666666666,0.16666666666666666,3.6961166666666663
deepgram_nova-2,phonecall,5,0.86668,0.8111200000000001,0.2,0.2,4.720820000000001
deepgram_nova-2,quiet,6,0.9523833333333332,0.9133333333333334,0.16666666666666666,0.16666666666666666,4.488316666666666
deepgram_nova-2,rushed,2,0.7857000000000001,0.66665,0.5,0.5,6.14325
deepgram_nova-2,traffic,5,0.9142800000000001,0.8666599999999999,0.2,0.2,4.0401
deepgram_nova-2,whisper,1,1.0,1.0,0.0,0.0,2.946
